{"cameraMode":{"drawMode":0,"name":"Shaded","section":"Shading Mode"},"sceneLighting":false,"audioPlay":false,"sceneViewState":{"m_AlwaysRefresh":false,"showFog":true,"showSkybox":false,"showFlares":true,"showImageEffects":true,"showParticleSystems":true,"showVisualEffectGraphs":true,"m_FxEnabled":true},"in2DMode":false,"pivot":{"x":0.4222090244293213,"y":0.35580456256866457,"z":-0.552629292011261},"rotation":{"x":0.3037513792514801,"y":-0.3253518044948578,"z":0.11122208833694458,"w":0.8885449171066284},"size":0.9413506388664246,"orthographic":true}