{"cameraMode":{"drawMode":0,"name":"Shaded","section":"Shading Mode"},"sceneLighting":false,"audioPlay":false,"sceneViewState":{"m_AlwaysRefresh":false,"showFog":true,"showSkybox":false,"showFlares":true,"showImageEffects":true,"showParticleSystems":true,"showVisualEffectGraphs":true,"m_FxEnabled":true},"in2DMode":false,"pivot":{"x":-0.4241347908973694,"y":1.6709496974945069,"z":0.5589457154273987},"rotation":{"x":0.6279376745223999,"y":0.0011673194821923972,"z":-0.000942255079280585,"w":0.7782671451568604},"size":1.444509506225586,"orthographic":true}