{"cameraMode":{"drawMode":0,"name":"Shaded","section":"Shading Mode"},"sceneLighting":false,"audioPlay":false,"sceneViewState":{"m_AlwaysRefresh":false,"showFog":true,"showSkybox":false,"showFlares":true,"showImageEffects":true,"showParticleSystems":true,"showVisualEffectGraphs":true,"m_FxEnabled":true},"in2DMode":false,"pivot":{"x":-0.36391395330429079,"y":0.19305241107940675,"z":0.3009381890296936},"rotation":{"x":0.7123167514801025,"y":-0.010529165156185627,"z":0.01068293210119009,"w":0.7017112970352173},"size":1.394773006439209,"orthographic":true}