{"cameraMode":{"drawMode":0,"name":"Shaded","section":"Shading Mode"},"sceneLighting":false,"audioPlay":false,"sceneViewState":{"m_AlwaysRefresh":false,"showFog":true,"showSkybox":false,"showFlares":true,"showImageEffects":true,"showParticleSystems":true,"showVisualEffectGraphs":true,"m_FxEnabled":true},"in2DMode":false,"pivot":{"x":0.09967616945505142,"y":0.08183352649211884,"z":-0.0060141682624816898},"rotation":{"x":-0.05617176741361618,"y":0.7424038648605347,"z":-0.06273825466632843,"w":-0.6646553874015808},"size":3.2304766178131105,"orthographic":true}