{"cameraMode":{"drawMode":0,"name":"Shaded","section":"Shading Mode"},"sceneLighting":false,"audioPlay":false,"sceneViewState":{"m_AlwaysRefresh":false,"showFog":true,"showSkybox":false,"showFlares":true,"showImageEffects":true,"showParticleSystems":true,"showVisualEffectGraphs":true,"m_FxEnabled":true},"in2DMode":false,"pivot":{"x":-0.5384550094604492,"y":0.014344453811645508,"z":0.27577459812164309},"rotation":{"x":-0.7059749364852905,"y":-0.01020257268100977,"z":0.010172145441174508,"w":-0.7080957293510437},"size":0.9119558334350586,"orthographic":true}