{"cameraMode":{"drawMode":0,"name":"Shaded","section":"Shading Mode"},"sceneLighting":false,"audioPlay":false,"sceneViewState":{"m_AlwaysRefresh":false,"showFog":true,"showSkybox":false,"showFlares":true,"showImageEffects":true,"showParticleSystems":true,"showVisualEffectGraphs":true,"m_FxEnabled":true},"in2DMode":false,"pivot":{"x":0.05426585674285889,"y":0.058361925184726718,"z":0.4235648810863495},"rotation":{"x":0.16858872771263123,"y":0.7102383971214294,"z":-0.18173208832740785,"w":0.6588729619979858},"size":0.21269837021827699,"orthographic":true}