{"cameraMode":{"drawMode":0,"name":"Shaded","section":"Shading Mode"},"sceneLighting":false,"audioPlay":false,"sceneViewState":{"m_AlwaysRefresh":false,"showFog":true,"showSkybox":false,"showFlares":true,"showImageEffects":true,"showParticleSystems":true,"showVisualEffectGraphs":true,"m_FxEnabled":true},"in2DMode":false,"pivot":{"x":-0.6009578704833984,"y":-0.09903311729431153,"z":-0.04938506707549095},"rotation":{"x":-0.706964373588562,"y":-0.014428051188588143,"z":0.014430849812924862,"w":-0.706963300704956},"size":0.8701647520065308,"orthographic":true}