{"cameraMode":{"drawMode":0,"name":"Shaded","section":"Shading Mode"},"sceneLighting":false,"audioPlay":false,"sceneViewState":{"m_AlwaysRefresh":false,"showFog":true,"showSkybox":false,"showFlares":true,"showImageEffects":true,"showParticleSystems":true,"showVisualEffectGraphs":true,"m_FxEnabled":true},"in2DMode":false,"pivot":{"x":-0.6009578704833984,"y":-0.09903311729431153,"z":-0.04938506707549095},"rotation":{"x":-0.7035858631134033,"y":-0.07052779197692871,"z":0.07052908092737198,"w":-0.7035850286483765},"size":2.00821852684021,"orthographic":true}