{"cameraMode":{"drawMode":0,"name":"Shaded","section":"Shading Mode"},"sceneLighting":false,"audioPlay":false,"sceneViewState":{"m_AlwaysRefresh":false,"showFog":true,"showSkybox":false,"showFlares":true,"showImageEffects":true,"showParticleSystems":true,"showVisualEffectGraphs":true,"m_FxEnabled":true},"in2DMode":false,"pivot":{"x":-0.3271656632423401,"y":-0.13430547714233399,"z":0.07188589870929718},"rotation":{"x":0.7123509645462036,"y":0.007368586491793394,"z":-0.0074799698777496819,"w":0.7017454504966736},"size":1.1037095785140992,"orthographic":true}