{"cameraMode":{"drawMode":0,"name":"Shaded","section":"Shading Mode"},"sceneLighting":false,"audioPlay":false,"sceneViewState":{"m_AlwaysRefresh":false,"showFog":true,"showSkybox":false,"showFlares":true,"showImageEffects":true,"showParticleSystems":true,"showVisualEffectGraphs":true,"m_FxEnabled":true},"in2DMode":false,"pivot":{"x":-0.6022229790687561,"y":-0.09858393669128418,"z":-0.10961668193340302},"rotation":{"x":0.7123509645462036,"y":0.007368586491793394,"z":-0.0074799698777496819,"w":0.7017454504966736},"size":1.3894340991973878,"orthographic":true}