{"cameraMode":{"drawMode":0,"name":"Shaded","section":"Shading Mode"},"sceneLighting":false,"audioPlay":false,"sceneViewState":{"m_AlwaysRefresh":false,"showFog":true,"showSkybox":false,"showFlares":true,"showImageEffects":true,"showParticleSystems":true,"showVisualEffectGraphs":true,"m_FxEnabled":true},"in2DMode":false,"pivot":{"x":-0.5471609234809876,"y":-0.31940460205078127,"z":0.2307918518781662},"rotation":{"x":0.7079645395278931,"y":0.016943568363785745,"z":-0.016993913799524308,"w":0.7058447003364563},"size":1.1017403602600098,"orthographic":true}