{"cameraMode":{"drawMode":0,"name":"Shaded","section":"Shading Mode"},"sceneLighting":false,"audioPlay":false,"sceneViewState":{"m_AlwaysRefresh":false,"showFog":true,"showSkybox":false,"showFlares":true,"showImageEffects":true,"showParticleSystems":true,"showVisualEffectGraphs":true,"m_FxEnabled":true},"in2DMode":false,"pivot":{"x":-0.8114713430404663,"y":-0.32394325733184817,"z":0.5453004837036133},"rotation":{"x":0.7279478311538696,"y":-0.00822672713547945,"z":0.008736257441341877,"w":0.6855308413505554},"size":1.0941076278686524,"orthographic":true}