{"cameraMode":{"drawMode":0,"name":"Shaded","section":"Shading Mode"},"sceneLighting":false,"audioPlay":false,"sceneViewState":{"m_AlwaysRefresh":false,"showFog":true,"showSkybox":false,"showFlares":true,"showImageEffects":true,"showParticleSystems":true,"showVisualEffectGraphs":true,"m_FxEnabled":true},"in2DMode":false,"pivot":{"x":-0.5471609234809876,"y":-0.31940460205078127,"z":0.2307918518781662},"rotation":{"x":0.6452619433403015,"y":-0.006875400431454182,"z":0.005808010697364807,"w":0.7639123201370239},"size":0.9164161682128906,"orthographic":true}