{"cameraMode":{"drawMode":0,"name":"Shaded","section":"Shading Mode"},"sceneLighting":false,"audioPlay":false,"sceneViewState":{"m_AlwaysRefresh":false,"showFog":true,"showSkybox":false,"showFlares":true,"showImageEffects":true,"showParticleSystems":true,"showVisualEffectGraphs":true,"m_FxEnabled":true},"in2DMode":false,"pivot":{"x":-0.6088956594467163,"y":-0.28959763050079348,"z":-0.033934950828552249},"rotation":{"x":0.7279478311538696,"y":-0.00822672713547945,"z":0.008736257441341877,"w":0.6855308413505554},"size":1.3497079610824586,"orthographic":true}