{"cameraMode":{"drawMode":0,"name":"Shaded","section":"Shading Mode"},"sceneLighting":false,"audioPlay":false,"sceneViewState":{"m_AlwaysRefresh":false,"showFog":true,"showSkybox":false,"showFlares":true,"showImageEffects":true,"showParticleSystems":true,"showVisualEffectGraphs":true,"m_FxEnabled":true},"in2DMode":false,"pivot":{"x":-0.8214637637138367,"y":-0.326175332069397,"z":0.10878611356019974},"rotation":{"x":0.7155396342277527,"y":0.0020957384258508684,"z":-0.0021461655851453544,"w":0.6985689997673035},"size":1.2266961336135865,"orthographic":true}