{"cameraMode":{"drawMode":0,"name":"Shaded","section":"Shading Mode"},"sceneLighting":false,"audioPlay":false,"sceneViewState":{"m_AlwaysRefresh":false,"showFog":true,"showSkybox":false,"showFlares":true,"showImageEffects":true,"showParticleSystems":true,"showVisualEffectGraphs":true,"m_FxEnabled":true},"in2DMode":false,"pivot":{"x":-0.07263115793466568,"y":-0.08686721324920654,"z":-0.056151580065488818},"rotation":{"x":-0.7070926427841187,"y":-0.004884290508925915,"z":0.004884433466941118,"w":-0.7070919871330261},"size":0.9453208446502686,"orthographic":true}