{"cameraMode":{"drawMode":0,"name":"Shaded","section":"Shading Mode"},"sceneLighting":false,"audioPlay":false,"sceneViewState":{"m_AlwaysRefresh":false,"showFog":true,"showSkybox":false,"showFlares":true,"showImageEffects":true,"showParticleSystems":true,"showVisualEffectGraphs":true,"m_FxEnabled":true},"in2DMode":false,"pivot":{"x":-0.4546891748905182,"y":-0.05559670925140381,"z":0.009105775505304337},"rotation":{"x":-0.7238748073577881,"y":-0.0006260880618356168,"z":0.0006570302066393197,"w":-0.6899361610412598},"size":1.563265085220337,"orthographic":true}