{"cameraMode":{"drawMode":0,"name":"Shaded","section":"Shading Mode"},"sceneLighting":false,"audioPlay":false,"sceneViewState":{"m_AlwaysRefresh":false,"showFog":true,"showSkybox":false,"showFlares":true,"showImageEffects":true,"showParticleSystems":true,"showVisualEffectGraphs":true,"m_FxEnabled":true},"in2DMode":false,"pivot":{"x":-0.4546891748905182,"y":-0.05559670925140381,"z":0.009105775505304337},"rotation":{"x":-0.7059749364852905,"y":-0.01020257268100977,"z":0.010172145441174508,"w":-0.7080957293510437},"size":1.2838152647018433,"orthographic":true}