{"cameraMode":{"drawMode":0,"name":"Shaded","section":"Shading Mode"},"sceneLighting":false,"audioPlay":false,"sceneViewState":{"m_AlwaysRefresh":false,"showFog":true,"showSkybox":false,"showFlares":true,"showImageEffects":true,"showParticleSystems":true,"showVisualEffectGraphs":true,"m_FxEnabled":true},"in2DMode":false,"pivot":{"x":-0.9243696331977844,"y":-0.01736307144165039,"z":-0.222234845161438},"rotation":{"x":-0.7071073651313782,"y":-0.0017022573156282306,"z":0.0017025682609528304,"w":-0.7071061730384827},"size":0.8601614236831665,"orthographic":true}