{"cameraMode":{"drawMode":0,"name":"Shaded","section":"Shading Mode"},"sceneLighting":false,"audioPlay":false,"sceneViewState":{"m_AlwaysRefresh":false,"showFog":true,"showSkybox":false,"showFlares":true,"showImageEffects":true,"showParticleSystems":true,"showVisualEffectGraphs":true,"m_FxEnabled":true},"in2DMode":false,"pivot":{"x":0.06568325310945511,"y":-0.09825275838375092,"z":-0.12182261794805527},"rotation":{"x":-0.7071073651313782,"y":-0.0017022573156282306,"z":0.0017025682609528304,"w":-0.7071061730384827},"size":0.8825670480728149,"orthographic":true}