{"cameraMode":{"drawMode":0,"name":"Shaded","section":"Shading Mode"},"sceneLighting":true,"audioPlay":false,"sceneViewState":{"m_AlwaysRefresh":false,"showFog":true,"showSkybox":true,"showFlares":true,"showImageEffects":true,"showParticleSystems":true,"showVisualEffectGraphs":true,"m_FxEnabled":true},"in2DMode":false,"pivot":{"x":7.194552421569824,"y":-1.1474179029464722,"z":5.789703369140625},"rotation":{"x":0.691018283367157,"y":0.0010842313058674336,"z":-0.0010365453781560064,"w":0.7228348851203919},"size":1.5032106637954713,"orthographic":true}