{"cameraMode":{"drawMode":0,"name":"Shaded","section":"Shading Mode"},"sceneLighting":true,"audioPlay":false,"sceneViewState":{"m_AlwaysRefresh":false,"showFog":true,"showSkybox":true,"showFlares":true,"showImageEffects":true,"showParticleSystems":true,"showVisualEffectGraphs":true,"m_FxEnabled":true},"in2DMode":false,"pivot":{"x":6.172057628631592,"y":0.328787624835968,"z":8.000422477722168},"rotation":{"x":-0.5761695504188538,"y":-0.026475949212908746,"z":0.018678678199648858,"w":-0.8166977763175964},"size":1.443405270576477,"orthographic":true}