{"cameraMode":{"drawMode":0,"name":"Shaded","section":"Shading Mode"},"sceneLighting":true,"audioPlay":false,"sceneViewState":{"m_AlwaysRefresh":false,"showFog":true,"showSkybox":true,"showFlares":true,"showImageEffects":true,"showParticleSystems":true,"showVisualEffectGraphs":true,"m_FxEnabled":true},"in2DMode":false,"pivot":{"x":11.413430213928223,"y":-0.01690840721130371,"z":22.68656349182129},"rotation":{"x":0.708115816116333,"y":-0.008472342975437642,"z":0.008497800678014756,"w":0.7059944868087769},"size":1.3172025680541993,"orthographic":true}