{"cameraMode":{"drawMode":0,"name":"Shaded","section":"Shading Mode"},"sceneLighting":true,"audioPlay":false,"sceneViewState":{"m_AlwaysRefresh":false,"showFog":true,"showSkybox":true,"showFlares":true,"showImageEffects":true,"showParticleSystems":true,"showVisualEffectGraphs":true,"m_FxEnabled":true},"in2DMode":false,"pivot":{"x":6.301568508148193,"y":1.3599374294281006,"z":5.3630146980285648},"rotation":{"x":-0.419441282749176,"y":-0.015801023691892625,"z":0.0073022679425776009,"w":-0.9076181054115295},"size":3.1551551818847658,"orthographic":true}