{"cameraMode":{"drawMode":0,"name":"Shaded","section":"Shading Mode"},"sceneLighting":true,"audioPlay":false,"sceneViewState":{"m_AlwaysRefresh":false,"showFog":true,"showSkybox":true,"showFlares":true,"showImageEffects":true,"showParticleSystems":true,"showVisualEffectGraphs":true,"m_FxEnabled":true},"in2DMode":false,"pivot":{"x":7.714156627655029,"y":0.3819847106933594,"z":7.368435859680176},"rotation":{"x":-0.5747544169425964,"y":0.004171106498688459,"z":-0.0029304467607289554,"w":-0.8183165788650513},"size":2.6019463539123537,"orthographic":false}