{"cameraMode":{"drawMode":0,"name":"Shaded","section":"Shading Mode"},"sceneLighting":true,"audioPlay":false,"sceneViewState":{"m_AlwaysRefresh":false,"showFog":true,"showSkybox":true,"showFlares":true,"showImageEffects":true,"showParticleSystems":true,"showVisualEffectGraphs":true,"m_FxEnabled":true},"in2DMode":false,"pivot":{"x":6.455030918121338,"y":0.13363689184188844,"z":7.9696760177612309},"rotation":{"x":0.7015027403831482,"y":-0.020300893113017083,"z":0.019998392090201379,"w":0.7121041417121887},"size":0.6008675694465637,"orthographic":true}