{"cameraMode":{"drawMode":0,"name":"Shaded","section":"Shading Mode"},"sceneLighting":true,"audioPlay":false,"sceneViewState":{"m_AlwaysRefresh":false,"showFog":true,"showSkybox":true,"showFlares":true,"showImageEffects":true,"showParticleSystems":true,"showVisualEffectGraphs":true,"m_FxEnabled":true},"in2DMode":false,"pivot":{"x":16.681116104125978,"y":11.192977905273438,"z":10.53278923034668},"rotation":{"x":-0.2863272428512573,"y":-0.17465198040008546,"z":0.0531647689640522,"w":-0.9405889511108398},"size":2.5038254261016847,"orthographic":true}