{"cameraMode":{"drawMode":0,"name":"Shaded","section":"Shading Mode"},"sceneLighting":true,"audioPlay":false,"sceneViewState":{"m_AlwaysRefresh":false,"showFog":true,"showSkybox":true,"showFlares":true,"showImageEffects":true,"showParticleSystems":true,"showVisualEffectGraphs":true,"m_FxEnabled":true},"in2DMode":false,"pivot":{"x":6.831560134887695,"y":0.8528536558151245,"z":5.119102478027344},"rotation":{"x":-0.419441282749176,"y":-0.015801023691892625,"z":0.0073022679425776009,"w":-0.9076181054115295},"size":1.4706392288208008,"orthographic":true}