{"cameraMode":{"drawMode":0,"name":"Shaded","section":"Shading Mode"},"sceneLighting":true,"audioPlay":false,"sceneViewState":{"m_AlwaysRefresh":false,"showFog":true,"showSkybox":true,"showFlares":true,"showImageEffects":true,"showParticleSystems":true,"showVisualEffectGraphs":true,"m_FxEnabled":true},"in2DMode":false,"pivot":{"x":6.546541213989258,"y":1.685638427734375,"z":6.572445869445801},"rotation":{"x":-0.6623039841651917,"y":-0.004051470663398504,"z":0.003581493627279997,"w":-0.7492215633392334},"size":3.1347439289093019,"orthographic":true}