{"cameraMode":{"drawMode":0,"name":"Shaded","section":"Shading Mode"},"sceneLighting":true,"audioPlay":false,"sceneViewState":{"m_AlwaysRefresh":false,"showFog":true,"showSkybox":true,"showFlares":true,"showImageEffects":true,"showParticleSystems":true,"showVisualEffectGraphs":true,"m_FxEnabled":true},"in2DMode":false,"pivot":{"x":5.217630386352539,"y":-0.5098428726196289,"z":4.630634307861328},"rotation":{"x":-0.030524078756570817,"y":0.9693474769592285,"z":-0.18029870092868806,"w":-0.1641046404838562},"size":1.8653351068496705,"orthographic":true}