{"cameraMode":{"drawMode":0,"name":"Shaded","section":"Shading Mode"},"sceneLighting":true,"audioPlay":false,"sceneViewState":{"m_AlwaysRefresh":false,"showFog":true,"showSkybox":true,"showFlares":true,"showImageEffects":true,"showParticleSystems":true,"showVisualEffectGraphs":true,"m_FxEnabled":true},"in2DMode":false,"pivot":{"x":10.145185470581055,"y":-19.986906051635743,"z":9.150336265563965},"rotation":{"x":-0.7130286693572998,"y":-0.0016849362291395665,"z":0.0017130401683971286,"w":-0.7011333107948303},"size":10.437028884887696,"orthographic":false}