{"cameraMode":{"drawMode":0,"name":"Shaded","section":"Shading Mode"},"sceneLighting":true,"audioPlay":false,"sceneViewState":{"m_AlwaysRefresh":false,"showFog":true,"showSkybox":true,"showFlares":true,"showImageEffects":true,"showParticleSystems":true,"showVisualEffectGraphs":true,"m_FxEnabled":true},"in2DMode":false,"pivot":{"x":11.772096633911133,"y":2.4943933486938478,"z":18.757797241210939},"rotation":{"x":-0.6743974685668945,"y":-0.017277607694268228,"z":0.015788806602358819,"w":-0.7379981875419617},"size":3.189122438430786,"orthographic":false}