{"cameraMode":{"drawMode":0,"name":"Shaded","section":"Shading Mode"},"sceneLighting":false,"audioPlay":false,"sceneViewState":{"m_AlwaysRefresh":false,"showFog":true,"showSkybox":false,"showFlares":true,"showImageEffects":true,"showParticleSystems":true,"showVisualEffectGraphs":true,"m_FxEnabled":true},"in2DMode":false,"pivot":{"x":0.06968127936124802,"y":0.10288671404123306,"z":-0.002107852604240179},"rotation":{"x":0.48982974886894228,"y":-0.5099303722381592,"z":0.4889509677886963,"w":0.5108471512794495},"size":1.0612841844558716,"orthographic":true}