{"cameraMode":{"drawMode":0,"name":"Shaded","section":"Shading Mode"},"sceneLighting":false,"audioPlay":false,"sceneViewState":{"m_AlwaysRefresh":false,"showFog":true,"showSkybox":false,"showFlares":true,"showImageEffects":true,"showParticleSystems":true,"showVisualEffectGraphs":true,"m_FxEnabled":true},"in2DMode":false,"pivot":{"x":0.1898229718208313,"y":-0.848081111907959,"z":0.19095419347286225},"rotation":{"x":0.7290194034576416,"y":0.0030801831744611265,"z":-0.003280602628365159,"w":0.6844789981842041},"size":1.086443305015564,"orthographic":false}