{"cameraMode":{"drawMode":0,"name":"Shaded","section":"Shading Mode"},"sceneLighting":false,"audioPlay":false,"sceneViewState":{"m_AlwaysRefresh":false,"showFog":true,"showSkybox":false,"showFlares":true,"showImageEffects":true,"showParticleSystems":true,"showVisualEffectGraphs":true,"m_FxEnabled":true},"in2DMode":false,"pivot":{"x":0.016286373138427736,"y":0.28226056694984438,"z":-0.044590339064598086},"rotation":{"x":0.16858872771263123,"y":0.7102383971214294,"z":-0.18173208832740785,"w":0.6588729619979858},"size":0.691054105758667,"orthographic":true}