{"cameraMode":{"drawMode":0,"name":"Shaded","section":"Shading Mode"},"sceneLighting":false,"audioPlay":false,"sceneViewState":{"m_AlwaysRefresh":false,"showFog":true,"showSkybox":false,"showFlares":true,"showImageEffects":true,"showParticleSystems":true,"showVisualEffectGraphs":true,"m_FxEnabled":true},"in2DMode":false,"pivot":{"x":0.23177440464496613,"y":-0.06668126583099365,"z":-0.4808471202850342},"rotation":{"x":0.5119631886482239,"y":-0.48706763982772829,"z":0.5218912363052368,"w":0.47780361771583559},"size":0.8979491591453552,"orthographic":true}