{"cameraMode":{"drawMode":0,"name":"Shaded","section":"Shading Mode"},"sceneLighting":false,"audioPlay":false,"sceneViewState":{"m_AlwaysRefresh":false,"showFog":true,"showSkybox":false,"showFlares":true,"showImageEffects":true,"showParticleSystems":true,"showVisualEffectGraphs":true,"m_FxEnabled":true},"in2DMode":false,"pivot":{"x":0.38497960567474368,"y":-0.012882329523563385,"z":-0.1729808747768402},"rotation":{"x":0.0002085561427520588,"y":0.7092335820198059,"z":-0.7049895524978638,"w":0.0002111031935783103},"size":0.9195240139961243,"orthographic":true}