{"cameraMode":{"drawMode":0,"name":"Shaded","section":"Shading Mode"},"sceneLighting":false,"audioPlay":false,"sceneViewState":{"m_AlwaysRefresh":false,"showFog":true,"showSkybox":false,"showFlares":true,"showImageEffects":true,"showParticleSystems":true,"showVisualEffectGraphs":true,"m_FxEnabled":true},"in2DMode":false,"pivot":{"x":0.0282464399933815,"y":-0.12098526954650879,"z":-0.21201109886169434},"rotation":{"x":0.7421379685401917,"y":0.011059272103011608,"z":-0.012244019657373429,"w":0.6700549125671387},"size":1.4191938638687134,"orthographic":true}