{"cameraMode":{"drawMode":0,"name":"Shaded","section":"Shading Mode"},"sceneLighting":false,"audioPlay":false,"sceneViewState":{"m_AlwaysRefresh":false,"showFog":true,"showSkybox":false,"showFlares":true,"showImageEffects":true,"showParticleSystems":true,"showVisualEffectGraphs":true,"m_FxEnabled":true},"in2DMode":false,"pivot":{"x":-0.30102959275245669,"y":0.07541513442993164,"z":0.02685294672846794},"rotation":{"x":0.702833354473114,"y":0.005334849935024977,"z":-0.0052713933400809769,"w":0.71131831407547},"size":0.6785521507263184,"orthographic":false}