{"cameraMode":{"drawMode":0,"name":"Shaded","section":"Shading Mode"},"sceneLighting":false,"audioPlay":false,"sceneViewState":{"m_AlwaysRefresh":false,"showFog":true,"showSkybox":false,"showFlares":true,"showImageEffects":true,"showParticleSystems":true,"showVisualEffectGraphs":true,"m_FxEnabled":true},"in2DMode":false,"pivot":{"x":0.38497960567474368,"y":-0.012882329523563385,"z":-0.1729808747768402},"rotation":{"x":0.6995864510536194,"y":-0.009646560996770859,"z":0.009444696828722954,"w":0.7144360542297363},"size":1.1412581205368043,"orthographic":true}