{"cameraMode":{"drawMode":0,"name":"Shaded","section":"Shading Mode"},"sceneLighting":false,"audioPlay":false,"sceneViewState":{"m_AlwaysRefresh":false,"showFog":true,"showSkybox":false,"showFlares":true,"showImageEffects":true,"showParticleSystems":true,"showVisualEffectGraphs":true,"m_FxEnabled":true},"in2DMode":false,"pivot":{"x":0.07147270441055298,"y":0.09751772880554199,"z":-0.18684960901737214},"rotation":{"x":-0.7049891948699951,"y":0.002544903662055731,"z":-0.0025365264154970648,"w":-0.7092326879501343},"size":1.4359248876571656,"orthographic":false}