{"cameraMode":{"drawMode":0,"name":"Shaded","section":"Shading Mode"},"sceneLighting":false,"audioPlay":false,"sceneViewState":{"m_AlwaysRefresh":false,"showFog":true,"showSkybox":false,"showFlares":true,"showImageEffects":true,"showParticleSystems":true,"showVisualEffectGraphs":true,"m_FxEnabled":true},"in2DMode":false,"pivot":{"x":-0.03740014135837555,"y":0.025511398911476136,"z":-0.0030833370983600618},"rotation":{"x":-0.258971244096756,"y":0.6995905637741089,"z":-0.30640390515327456,"w":-0.5912918448448181},"size":0.13211111724376679,"orthographic":false}