{"cameraMode":{"drawMode":0,"name":"Shaded","section":"Shading Mode"},"sceneLighting":false,"audioPlay":false,"sceneViewState":{"m_AlwaysRefresh":false,"showFog":true,"showSkybox":false,"showFlares":true,"showImageEffects":true,"showParticleSystems":true,"showVisualEffectGraphs":true,"m_FxEnabled":true},"in2DMode":false,"pivot":{"x":7.450580596923828e-9,"y":0.04160238429903984,"z":0.0002165287733078003},"rotation":{"x":-0.05787214636802673,"y":0.9140337109565735,"z":-0.37604913115501406,"w":-0.14066724479198457},"size":0.4173116981983185,"orthographic":true}